ID,Rank,Name,Feedback score,Overall Score,Emp ID No,1
,1,test1,100,2,1,
,3,test3,1,1,2,
,3,test2,65,1,3,
,4,test4,4,4,4,
,5,test6,1,7,5,
,6,test8,1,10,6,
,7,test10,1,13,7,
,8,test12,2,16,8,
,9,test14,10,19,9,
,10,test16,4,22,10,
,11,test18,6,25,11,
,12,test20,8,28,12,
,13,test22,10,31,3,
,14,test24,12,34,4,
,15,test26,14,37,2,
,16,test28,16,40,6,
,17,test30,18,43,3,
,18,test32,20,46,12,
,19,test34,22,49,5,
,20,test36,24,52,13,
,21,test38,26,55,,
,22,test40,28,58,,
,23,test42,30,61,,
,24,test44,32,64,,
,25,test46,34,67,,
,26,test48,36,70,,
,27,test50,38,73,,
,28,test52,40,76,,
,29,test54,42,79,,
,30,test56,44,82,,
,31,test58,46,85,,
,32,test60,48,88,,
,33,test62,50,91,,
,34,test64,52,94,,
,35,test66,54,97,,
,36,test68,56,100,,
,37,test70,58,103,,
,38,test72,60,106,,
